负荷名称,0至100m以内,100至200m以内,200至300m以内
p1imv1,,,
p1imv10,,,
p1imv16,,,
p1imv21,,,
p1imv8,,,
p1imv11,,,
p1imv26,,,
p1imv32,,,
p1imv6,,,
p1imv9,p1imv15,,p1imv12
p1imv12,,,
p1imv15,,,
p1imv28,,,p1imv6
p1imv25,p1imv6,,p1imv15
p1imv37,,,
p1imv14,,,p1imv12
p1imv17,,,
p1imv13,,,
p1imv4,,,
p1imv27,,,
p1imv5,,,
p1imv7,,,
p1imv20,,,p1imv7
p1imv23,,,
p1imv31,,,
p1imv22,,,
p1imv24,,,
p1imv30,,,p1imv13
p1imv18,,,
p1imv38,,,
p1imv34,,,
p1imv19,,,
p1imv33,,,
p1imv39,,,
p1imv40,,,
p1imv35,,,
p1imv42,,,
p1imv29,,,
p1imv41,,,
p1imv36,,,
p1imv2,,,p1imv40
p1imv3,,,
p1rmv1,,,p1imv39
p1umv61,,,
p1umv85,,,
p1umv1,,p1umv55,
p1umv41,,,
p1umv58,,,
p1umv82,,,
p1umv37,,p1umv82,
p1umv73,,,
p1umv43,,p1umv58,
p1umv14,,,p1umv70|p1umv16
p1umv16,,,
p1umv55,,,
p1umv22,,,
p1umv17,,,
p1umv31,,,
p1umv18,,p1umv85,
p1umv92,,,
p1umv19,,,
p1umv20,,,
p1umv23,,,
p1umv45,,,p1umv14|p1umv48
p1umv48,,,p1umv15|p1umv45
p1umv49,,,
p1umv81,,,
p1umv6,,,
p1umv44,,,
p1umv71,,,
p1umv34,,,
p1umv62,,,
p1umv74,,,
p1umv38,,p1umv71|p1umv39,
p1umv42,,,
p1umv47,,p1umv44|p1umv39,
p1umv52,,,
p1umv53,p1umv72,,
p1umv69,,p1umv74,
p1umv72,,p1umv72|p1umv62|p1umv78,p1umv84|p1umv47
p1umv78,,,
p1umv11,,p1umv62,
p1umv101,,,
p1umv75,p1umv42,,
p1umv96,,p1umv78,p1umv42|p1umv98
p1umv98,,,p1umv47|p1umv96
p1umv3,,,p1umv78
p1umv91,,,
p1umv13,,,p1umv47
p1umv95,,,p1umv60
p1umv100,,,
p1umv2,,p1umv42,p1umv47
p1umv4,,p1umv72,p1umv60
p1umv89,,,p1umv86
p1umv99,,,
p1umv10,,,p1umv62
p1umv24,,,p1umv47
p1umv15,,,p1umv39|p1umv16
p1umv70,,,
p1umv5,,,p1umv62
p1umv35,,,p1umv74|p1umv46|p1umv93
p1umv66,,,p1umv38|p1umv46|p1umv93
p1umv68,,,p1umv42|p1umv80
p1umv77,,,p1umv72|p1umv56
p1umv80,,,p1umv60|p1umv68|p1umv93
p1umv26,p1umv66,,
p1umv27,,,
p1umv28,p1umv35,,p1umv69|p1umv26
p1umv29,,,
p1umv7,,,p1umv53|p1umv40|p1umv54|p1umv87
p1umv21,p1umv93,,
p1umv51,,,
p1umv8,,,p1umv62|p1umv21
p1umv39,,p1umv77|p1umv38|p1umv47,
p1umv40,,,
p1umv54,,p1umv77|p1umv8,
p1umv59,,,
p1umv83,p1umv8,,
p1umv84,,p1umv35|p1umv67,
p1umv87,,p1umv66|p1umv8,
p1umv46,,p1umv46|p1umv77|p1umv93,
p1umv56,p1umv7,,
p1umv63,,p1umv56,
p1umv67,,,
p1umv93,p1umv54|p1umv77,,
p1umv60,p1umv87,,
p1umv86,,p1umv29,
p1umv36,p1umv40,,
p1umv9,p1umv87,p1umv28,
p1umv94,,,
p1umv30,,p1umv21,
p1umv33,,,p1umv61
p1umv97,,p1umv7,
p1umv57,p1umv40,,
p1umv79,p1umv54,,
p1umv12,,p1umv40,
p1umv25,,p1umv54,
p1umv32,,p1umv87,
p1umv90,,,
p1umv88,,,p1umv27
p1umv50,,p1umv8,p1umv28
p1umv64,,,
p1umv65,,,p1umv26
p1umv76,,p1umv83,